FID,IID,Flowering_time,snp1,snp2,snp3,type
F1,1,85.08333333,2,2,1,training
F2,3,101.5,2,2,2,training
F3,4,106.5,2,2,2,training
F4,5,99.5,2,2,2,training
F5,6,95.08333333,1,1,1,training
F6,7,111,1,1,1,training
F7,8,109.5833333,2,1,1,training
F8,9,83,2,2,1,training
F9,10,97,2,1,1,training
F10,11,NA,1,2,1,training
F11,13,112.3333333,2,2,2,training
F12,14,107,1,2,2,training
F13,15,NA,1,2,1,training
F14,16,96.25,1,1,1,training
F15,17,89,1,1,1,training
F16,18,106.83333333,2,2,0,training
F17,20,114,2,2,1,training
F18,22,109.6666667,1,2,1,training
F19,23,109.4444444,0,2,1,training
F20,24,98.91666667,1,2,1,training
F21,25,104.18181818,2,2,2,training
F22,26,104.33333333,2,2,2,training
F23,27,97.75,1,2,1,training
F24,29,100.5,1,2,2,training
F25,31,95,2,1,0,training
F26,32,100.66666667,2,2,0,training
F27,33,92.25,1,2,2,training
F28,34,109,2,2,2,training
F29,35,NA,1,2,1,training
F30,39,107.16666667,2,2,2,training
F31,40,107.66666667,2,2,2,training
F32,41,NA,1,2,2,training
F33,43,102.25,2,1,2,training
F34,44,89.83333333,1,2,1,training
F35,45,93.75,2,2,2,training
F36,46,103.58333333,1,2,1,training
F37,49,104,1,1,2,training
F38,50,105.25,2,2,1,training
F39,51,112.6,1,2,2,training
F40,53,101,1,2,2,training
F41,55,86.91666667,2,2,2,training
F42,56,84.125,2,2,1,training
F43,57,97.83333333,1,2,1,training
F44,58,101.25,1,2,2,training
F45,59,92.16666667,2,2,1,training
F46,60,92.33333333,2,2,1,training
F47,61,99.25,2,2,1,training
F48,63,NA,2,2,1,training
F49,65,104.75,1,1,0,training
F50,66,NA,2,2,1,training
F51,67,124.6666667,2,2,1,training
F52,68,106.08333333,1,2,1,training
F53,69,103.25,1,2,2,training
F54,70,98.5,1,2,1,training
F55,71,110.75,2,2,1,training
F56,72,116.1666667,1,2,1,training
F57,73,99.41666667,2,2,0,training
F58,74,111.33333333,2,2,2,training
F59,75,95.66666667,2,1,1,training
F60,76,120.1666667,2,2,1,training
F61,77,133,2,1,1,training
F62,78,110.83333333,2,2,2,training
F63,79,84.25,1,1,2,training
F64,80,118.5714286,2,2,0,training
F65,81,95.25,2,2,2,training
F66,83,89,2,2,1,training
F67,84,101.16666667,2,2,2,training
F68,85,110.75,2,2,1,training
F69,86,NA,2,2,0,training
F70,87,111.25,2,2,1,training
F71,88,101.88888889,2,1,2,training
F72,89,102.91666667,2,2,2,training
F73,92,103.6,2,2,2,training
F74,93,98.25,1,2,2,training
F75,94,91.91666667,0,2,2,training
F76,96,116.3,2,2,2,training
F77,97,108.375,2,2,1,training
F78,98,91.83333333,1,2,1,training
F79,99,102.16666667,2,2,2,training
F80,100,96.11111111,2,2,2,training
F81,101,98.16666667,2,2,2,training
F82,102,NA,2,2,2,training
F83,103,92,2,2,0,training
F84,105,90.5,2,1,2,training
F85,106,112.8333333,2,2,1,training
F86,107,91.41666667,1,2,2,training
F87,108,112.1666667,2,2,1,training
F88,109,NA,0,2,2,training
F89,110,160.5,1,2,2,training
F90,111,106,1,2,1,training
F91,113,67,1,2,1,training
F92,114,96.58333333,2,2,2,training
F93,115,113,2,1,1,training
F94,116,101.08333333,2,2,1,training
F95,117,90.75,1,2,1,training
F96,118,81.33333333,2,1,1,training
F97,119,122,2,1,1,training
F98,120,100.91666667,2,1,1,training
F99,121,96.16666667,2,2,2,training
F100,122,115.1111111,2,1,1,training
F101,123,104,2,2,2,training
F102,124,NA,1,2,2,training
F103,125,102.75,1,2,2,training
F104,126,112,2,2,2,training
F105,128,91.25,2,2,1,training
F106,129,98.83333333,2,2,1,training
F107,130,93.75,0,2,1,training
F108,131,88.77777778,1,2,1,training
F109,132,116.8333333,2,2,2,training
F110,134,93.6,2,2,2,training
F111,136,NA,1,1,2,training
F112,137,90.33333333,1,2,1,training
F113,138,NA,1,2,1,training
F114,139,95.6,2,1,0,training
F115,140,90.45454545,1,2,1,training
F116,141,110.5,1,2,2,training
F117,142,119.8888889,1,2,1,training
F118,143,108.33333333,2,2,2,training
F119,144,NA,1,1,2,training
F120,145,109,2,2,2,training
F121,146,NA,1,2,1,training
F122,147,116.8,2,2,1,training
F123,148,NA,2,1,2,training
F124,149,108,1,1,0,training
F125,150,89.7,1,2,0,training
F126,151,100.4,1,2,2,training
F127,152,91.16666667,1,2,1,training
F128,153,92.25,1,2,1,training
F129,154,82.91666667,2,0,1,training
F130,155,92.5,2,2,1,training
F131,156,103.83333333,1,2,2,training
F132,157,94,1,2,0,training
F133,158,98,2,2,0,training
F134,160,92.83333333,1,2,2,training
F135,161,105.25,2,1,1,training
F136,162,119,1,2,1,training
F137,163,112.75,2,1,2,training
F138,164,112.8333333,1,2,1,training
F139,165,95,2,2,1,training
F140,166,116.0833333,2,2,2,training
F141,168,111.0833333,2,2,1,training
F142,171,82.66666667,2,2,2,training
F143,173,96.33333333,0,1,2,training
F144,174,111.0833333,2,1,2,training
F145,175,NA,2,2,1,training
F146,176,108.85714286,1,2,2,training
F147,177,88,2,2,2,training
F148,178,100,2,2,2,training
F149,179,79.83333333,2,2,0,training
F150,180,89.41666667,1,2,2,training
F151,181,117.2222222,2,2,1,training
F152,182,115.3333333,2,2,0,training
F153,183,102,2,2,0,training
F154,184,93.75,2,2,1,training
F155,185,102.5,2,2,1,training
F156,186,99.5,2,2,2,training
F157,187,84.33333333,2,1,1,training
F158,188,111.5,2,1,2,training
F159,189,87.75,1,2,1,training
F160,190,121.5,2,2,1,training
F161,191,92.75,2,1,2,training
F162,192,61.75,1,2,0,training
F163,193,109.5,1,2,1,training
F164,194,NA,2,2,1,training
F165,195,102,1,2,2,training
F166,196,128,2,2,2,training
F167,197,133,1,2,1,training
F168,198,92.75,2,2,0,training
F169,199,99.75,2,1,1,training
F170,200,111.75,2,0,2,training
F171,201,117.6666667,2,2,2,training
F172,202,99,2,1,0,training
F173,203,89.83333333,2,1,1,training
F174,205,86.25,2,1,1,training
F175,206,111.4166667,2,2,1,training
F176,207,110,2,2,1,training
F177,208,122.9,2,2,1,training
F178,209,92.5,0,2,2,training
F179,204,86.75,1,2,2,training
F180,211,82.08333333,2,2,2,training
F181,212,97.25,2,2,0,training
F182,213,92.5,2,2,1,training
F183,214,104.58333333,1,1,1,training
F184,215,115.0833333,2,2,2,training
F185,217,91.5,2,2,2,training
F186,218,97.83333333,2,2,2,training
F187,219,62.25,1,2,0,training
F188,220,72.83333333,2,1,2,training
F189,221,84.66666667,2,2,2,training
F190,222,89.75,1,2,2,training
F191,223,96.08333333,2,1,2,training
F192,224,99.75,2,2,1,training
F193,225,87.25,2,1,2,training
F194,226,88.75,1,2,2,training
F195,228,87.91666667,2,2,1,training
F196,232,76.66666667,1,2,2,training
F197,233,77.58333333,1,2,1,training
F198,234,83.25,2,1,1,training
F199,235,92.91666667,1,2,2,training
F200,236,92.08333333,1,2,2,training
F201,237,85.58333333,2,2,1,training
F202,240,87.33333333,1,2,2,training
F203,241,102.25,1,2,2,training
F204,242,91.75,1,2,2,training
F205,243,69.75,1,2,1,training
F206,248,87.5,2,2,1,training
F207,250,65.75,2,1,1,training
F208,251,95.75,1,2,1,training
F209,252,85.75,2,1,2,training
F210,254,86.16666667,1,2,1,training
F211,255,105.91666667,1,2,2,training
F212,257,74.83333333,2,2,0,training
F213,258,110.5,2,1,1,training
F214,259,113.4166667,2,2,1,training
F215,261,89.75,2,2,1,training
F216,262,111.4166667,1,1,2,training
F217,264,90,2,2,2,training
F218,266,82.75,2,2,2,training
F219,267,87.16666667,2,2,1,training
F220,268,70.4,1,2,2,training
F221,269,113.8333333,2,1,1,training
F222,270,83.75,2,2,1,training
F223,271,86.66666667,1,1,2,training
F224,272,118.0833333,1,2,2,training
F225,273,94.16666667,2,2,2,training
F226,274,118,2,2,2,training
F227,275,89.66666667,2,2,2,training
F228,276,90.25,2,2,1,training
F229,277,90.33333333,1,2,1,training
F230,278,94,2,2,2,training
F231,279,67.25,2,1,2,training
F232,280,94.08333333,1,2,2,training
F233,282,90.91666667,2,2,1,training
F234,283,87.58333333,2,2,1,training
F235,285,85.5,0,2,1,training
F236,286,94,2,1,1,training
F237,287,64.5,2,2,1,training
F238,288,66,1,2,1,training
F239,289,73,2,1,2,training
F240,290,86.75,2,2,2,training
F241,291,75.08333333,1,1,2,training
F242,293,112.75,1,2,1,training
F243,296,87.75,1,1,2,training
F244,297,88.83333333,1,2,0,training
F245,298,111,2,1,0,training
F246,299,80.33333333,1,2,2,training
F247,300,84.25,1,2,1,training
F248,301,85.58333333,2,2,1,training
F249,302,89.25,2,2,1,training
F250,303,91.75,1,2,2,training
F251,304,111.0833333,2,1,2,training
F252,305,88.08333333,2,2,2,training
F253,306,71.5,2,2,2,training
F254,308,102.91666667,2,2,2,training
F255,309,115,2,2,2,training
F256,310,94.41666667,2,2,1,training
F257,311,90.5,2,2,1,training
F258,312,109.5,2,2,1,training
F259,313,94.5,1,2,1,training
F260,314,89.16666667,0,2,2,training
F261,315,110.41666667,2,2,2,training
F262,316,91.41666667,1,1,2,training
F263,317,102.75,2,2,2,training
F264,318,104.16666667,2,2,0,training
F265,320,103.25,1,1,1,training
F266,321,91.75,1,2,2,training
F267,323,111.1666667,2,2,0,training
F268,324,94,2,2,1,training
F269,325,84.75,1,2,0,training
F270,328,103.5,2,2,1,training
F271,329,104,2,1,1,training
F272,330,110,2,2,1,training
F273,331,107.5,2,2,2,training
F274,332,110.6666667,2,2,1,training
F275,333,74.58333333,2,2,2,training
F276,334,84.58333333,2,2,0,training
F277,335,91.5,1,2,2,training
F278,336,110.25,2,2,2,training
F279,337,93,2,2,2,training
F280,340,98.16666667,2,2,1,training
F281,341,98.75,2,2,2,training
F282,343,87.66666667,2,2,2,training
F283,344,90,1,2,2,training
F284,345,103.75,2,2,2,training
F285,346,94.83333333,2,2,1,training
F286,347,101.25,1,1,2,training
F287,348,81,1,2,1,training
F288,349,105.75,2,2,2,training
F289,350,75.5,2,2,2,training
F290,353,95.75,1,2,1,training
F291,355,83.91666667,2,2,0,training
F292,356,97,2,1,2,training
F293,357,111.75,2,2,2,training
F294,358,103.58333333,2,2,1,training
F295,359,92.41666667,1,2,2,training
F296,360,108.41666667,2,1,2,training
F297,361,108.25,2,2,1,training
F298,363,100,2,2,2,training
F299,364,86.75,1,2,1,training
F300,366,108.75,1,2,1,training
F301,367,85.75,1,2,2,training
F302,368,89,2,1,2,training
F303,369,81.75,0,2,1,training
F304,370,94.33333333,2,2,1,training
F305,371,93,2,2,1,training
F306,372,97.5,2,2,2,training
F307,375,NA,2,2,2,training
F308,376,91.5,2,2,2,training
F309,377,97.08333333,1,2,1,training
F310,378,118.6,2,2,2,training
F311,379,101.66666667,2,2,1,training
F312,380,102.75,1,2,2,training
F313,381,100.83333333,1,2,2,training
F314,384,96.16666667,0,2,1,training
F315,385,91.75,2,1,1,training
F316,386,90.66666667,1,2,1,training
F317,387,88.33333333,2,2,1,training
F318,389,114.75,1,2,1,training
F319,391,96.08333333,2,2,1,training
F320,392,101.41666667,2,2,2,training
F321,394,98,2,2,2,training
F322,395,98.58333333,2,2,0,training
F323,396,94.66666667,2,2,1,training
F324,398,108.5,1,2,2,training
F325,399,88.91666667,2,1,2,training
F326,400,99.75,2,1,0,training
F327,616,93,2,2,2,training
F328,619,88,1,2,2,training
F329,621,93.5,1,2,1,training
F330,622,91.5,2,1,1,training
F331,628,91.5,1,2,2,training
F332,635,NA,2,2,0,training
F333,636,NA,2,2,1,training
F334,637,NA,2,2,1,training
F335,638,NA,2,2,2,training
F336,639,NA,2,2,2,training
F337,640,NA,1,2,0,training
F338,641,NA,2,2,2,training
F339,642,NA,1,1,2,training
F340,643,NA,1,2,1,training
F341,644,NA,2,1,2,training
F342,645,NA,2,2,2,training
F343,647,NA,1,2,2,training
F344,651,NA,2,2,1,training
F345,652,NA,1,2,2,training
F346,648,NA,2,2,2,training
F347,12,107.8333333,1,2,0,training
F348,19,92.66666667,1,2,1,training
F349,30,112,1,2,1,training
F350,36,98.41666667,1,2,0,training
F351,52,NA,2,2,0,test
F352,54,118.8333333,1,2,2,test
F353,62,NA,2,1,2,test
F354,64,NA,2,2,2,test
F355,91,NA,2,2,0,test
F356,104,89.5,2,2,2,test
F357,159,NA,2,2,0,test
F358,169,93.75,2,1,1,test
F359,170,96,1,2,2,test
F360,172,83.5,2,2,1,test
F361,229,64.5,1,2,1,test
F362,245,88.91666667,1,2,2,test
F363,247,86.91666667,2,2,2,test
F364,263,85.25,2,2,2,test
F365,265,87.91666667,2,1,2,test
F366,281,95.33333333,2,2,1,test
F367,284,91,2,1,2,test
F368,292,77.83333333,2,1,2,test
F369,294,91.66666667,2,1,0,test
F370,295,88.75,2,2,1,test
F371,390,103.25,2,2,2,test
F372,620,101.5,2,2,1,test
F373,623,102,2,2,2,test
F374,624,96.5,2,1,2,test
F375,625,97.5,2,2,2,test
F376,626,100.5,2,1,2,test
F377,627,72,2,2,1,test
F378,630,94.5,1,2,2,test
F379,632,89.5,1,2,1,test
F380,633,106.5,2,2,2,test
F381,634,97,1,2,1,test
F382,244,116.4166667,2,2,1,test
F383,135,105.16666667,2,2,2,test
F384,326,92.25,1,2,1,test
F385,37,95.83333333,2,1,2,test
F386,629,80.5,2,2,0,test
F387,342,100.25,2,2,1,test
F388,319,108.75,1,2,1,test
F389,90,86.58333333,1,1,0,test
F390,327,100,2,2,1,test
F391,322,110.75,2,2,2,test
F392,112,109,2,2,2,test
F393,352,NA,2,2,2,test
F394,231,77.5,2,2,2,test
F395,227,117.1666667,1,2,2,test
F396,167,98.08333333,2,2,1,test
F397,253,92.66666667,2,2,1,test
F398,246,100.75,1,1,1,test
F399,239,86.5,1,2,1,test
F400,397,96.25,1,1,2,test
F401,618,90.5,2,2,2,test
F402,373,94.75,2,1,0,test
F403,260,95.41666667,1,1,1,test
F404,338,85.66666667,1,2,0,test
F405,249,82.33333333,2,2,0,test
F406,388,98.81818182,2,1,1,test
F407,365,79,1,2,0,test
F408,307,90,2,2,2,test
F409,21,108.75,1,2,2,test
F410,256,70.75,1,2,1,test
F411,339,98,2,2,2,test
F412,133,99.625,2,2,1,test
F413,216,117.0833333,1,2,1,test
